Model Name,Country
CarroM13_40_au\,AU
CivCoupes\,CIV
CivTruck\,CIV
redtractor\,CIV
rideable_bicycle\,CIV
Citroen_11cv\,DE
flak18\,DE
flak18_fr\,DE
flak18_pg\,DE
flak18ns\,DE
flak18ns_fr\,DE
flak18ns_pg\,DE
flak38\,DE
Flakvierling_Ard\,DE
Flakvierling38\,DE
Flakvierling38_ai\,DE
Flakvierling38_france\,DE
Fueltruck\,DE
GPF_155mm\,DE
Hetzer\,DE
Hetzer_Win\,DE
Jagdpanther\,DE
JagdPanzerIV\,DE
Kettenkrad\,DE
Kettenkrad_dak\,DE
Kettenkrad_fr\,DE
KubelDAK\,DE
Kubelwagen\,DE
Kubelwagen_fr\,DE
Kubelwagen_win\,DE
kwk_5cm\,DE
LeFH18\,DE
LeFH18_france\,DE
Marder_I\,DE
Marder_III\,DE
Maus\,DE
Nebelwerfer\,DE
OpelBlitz_ard\,DE
OpelBlitz_DAK\,DE
OpelBlitz_Flak38\,DE
OpelBlitz_fr\,DE
OpelBlitz_fr_nocanvas\,DE
OpelBlitz_fr_slats\,DE
OpelBlitz_Pan\,DE
Pak35\,DE
Pak35_static\,DE
PaK38\,DE
Pak38_static\,DE
PaK40\,DE
PaK40_static\,DE
Panther_G_Ard\,DE
PantherA\,DE
PantherA_alt\,DE
PantherA_Late\,DE
PantherA_Late_alt\,DE
PantherG\,DE
Puma\,DE
PZIIC\,DE
PZIIF\,DE
PZIII_N_France\,DE
PzIIIJeDAK\,DE
PzIIIJlDAK\,DE
PZIIINdak\,DE
PZIVD_Greece\,DE
PZIVD_NA\,DE
PZIVF1\,DE
PZIVF2\,DE
PZIVH\,DE
PZIVH_811\,DE
PZIVH_Ard\,DE
Schwimmwagen\,DE
sd_ah_51_Flak38\,DE
sdkfz222\,DE
sdkfz231_1\,DE
sdkfz250_3\,DE
sdkfz251_1\,DE
sdkfz251_10\,DE
sdkfz251_d\,DE
sdkfz251_d_ard\,DE
sdkfz251_d_sf\,DE
sdkfz251_d_win\,DE
sdkfz7\,DE
stug_IV\,DE
stug40\,DE
stug40_g\,DE
stug40r\,DE
Tiger_DAK\,DE
Tiger_II_Prod\,DE
Tiger_late\,DE
tiger_late_132\,DE
tiger_late_222\,DE
VWtyp82\,DE
wespe\,DE
Wirbelwind\,DE
wurfrahmen\,DE
,
25Pdr\,GB
25Pdr_MkIV\,GB
6Pdr\,GB
6Pdr_MKIV\,GB
6Pdr_MKIV_static\,GB
6Pdr_static\,GB
Achilles_IIC\,GB
AECDorchester\,GB
Bedford_QLT\,GB
BedfordOYD\,GB
BedfordOYD_france\,GB
Bofors40mm\,GB
Bofors40mm_ai\,GB
Bofors40mm_eu\,GB
Chevy30cwt\,GB
ChurchillmKIV\,GB
Cromwell\,GB
Cromwell_IrishGuard\,GB
CruiserIV\,GB
CrusaderMK1Early\,GB
CrusaderMK1Late\,GB
crusadermk3\,GB
crusadermk3_AA\,GB
DaimlerMK1\,GB
Deacon\,GB
dingo_na\,GB
M3Grant\,GB
M3StuartHoney\,GB
m4a1_eu_brit\,GB
m5a1_halftrack\,GB
markvi\,GB
MarmonHerringtonMK3a\,GB
MatildaII\,GB
sherman_v\,GB
Universalcarrier\,GB
Universalcarrier_france\,GB
Universalcarrier_WASP\,GB
valentineII\,GB
WillysMB\,GB
WillysMB_france\,GB
WillysMBSAS\,GB
cannone_da_47_32\,IT
CarroM13_40\,IT
fiat626\,IT
FiatL6_40\,IT
sahariana\,IT
SemoventeL40\,IT
57mm_M1_ATgun\,US
57mm_m1_ATgun_static\,US
57mm_M1_ATgun_win\,US
76mm_M5_ATgun\,US
76mm_M5_ATgun_Static\,US
FordGPA\,US
GMC\,US
M10\,US
M16_MGMC\,US
M18_Hellcat\,US
M24_Chaffee\,US
M26_Pershing\,US
M2A1_Howitzer_105mm\,US
m36\,US
M3A1\,US
M4A1\,US
M4A1_76mm\,US
M4A1_eu\,US
M4A1_Turret_Gunner\,US
M4a3\,US
M4a3E2\,US
M51\,US
M5A1_Stuart\,US
M5A1_Stuart_Recon\,US
M8_greyhound\,US
M8_greyhoundNF\,US
WillysMB_rocket\,US
WillysMB_us\,US
WillysMB_us_alt\,US
